{
    "descriptor": {
        "0": -0.1356486976146698,
        "1": 0.10197337716817856,
        "2": 0.0760505273938179,
        "3": -0.0105927474796772,
        "4": -0.041382573544979095,
        "5": -0.01740921288728714,
        "6": -0.07110582292079926,
        "7": -0.08928824216127396,
        "8": 0.15684309601783752,
        "9": -0.08286526799201965,
        "10": 0.2209259271621704,
        "11": -0.02146359533071518,
        "12": -0.18722856044769287,
        "13": -0.16364820301532745,
        "14": -0.06450705230236053,
        "15": 0.20529595017433167,
        "16": -0.19305482506752014,
        "17": -0.12297044694423676,
        "18": -0.06307261437177658,
        "19": -0.004056919366121292,
        "20": 0.09000454843044281,
        "21": 0.029171012341976166,
        "22": 0.025187447667121887,
        "23": 0.01393919438123703,
        "24": -0.08278179913759232,
        "25": -0.41900527477264404,
        "26": -0.0926642119884491,
        "27": -0.07844386994838715,
        "28": 0.024231180548667908,
        "29": -0.03867853432893753,
        "30": -0.06656024605035782,
        "31": 0.05751500651240349,
        "32": -0.1988937258720398,
        "33": -0.052044183015823364,
        "34": -0.01903224177658558,
        "35": 0.06067530810832977,
        "36": 0.020882604643702507,
        "37": -0.006974857300519943,
        "38": 0.14713817834854126,
        "39": -0.0074712783098220825,
        "40": -0.19337621331214905,
        "41": 0.014475453644990921,
        "42": 0.034735675901174545,
        "43": 0.25936418771743774,
        "44": 0.18318891525268555,
        "45": 0.07196605205535889,
        "46": 0.0725231021642685,
        "47": -0.10817529261112213,
        "48": 0.08937365561723709,
        "49": -0.15420694649219513,
        "50": 0.008837351575493813,
        "51": 0.16882804036140442,
        "52": 0.10198555886745453,
        "53": 0.07630182057619095,
        "54": 0.0029288381338119507,
        "55": -0.07911733537912369,
        "56": 0.011614572256803513,
        "57": 0.04590028524398804,
        "58": -0.06306588649749756,
        "59": -0.011195756494998932,
        "60": 0.08005213737487793,
        "61": -0.07322748750448227,
        "62": -0.02426818013191223,
        "63": -0.04608945548534393,
        "64": 0.26401013135910034,
        "65": 0.021452926099300385,
        "66": -0.10565078258514404,
        "67": -0.1432839334011078,
        "68": 0.10650591552257538,
        "69": -0.09716588258743286,
        "70": -0.04459415376186371,
        "71": 0.02527588978409767,
        "72": -0.15755324065685272,
        "73": -0.11963129788637161,
        "74": -0.31708741188049316,
        "75": 0.03049319237470627,
        "76": 0.4328392744064331,
        "77": 0.0546286478638649,
        "78": -0.20438659191131592,
        "79": 0.05528320372104645,
        "80": -0.15580925345420837,
        "81": 0.014339296147227287,
        "82": 0.13058869540691376,
        "83": 0.10822129249572754,
        "84": -0.03639710694551468,
        "85": 0.014603331685066223,
        "86": -0.12678582966327667,
        "87": 0.019327662885189056,
        "88": 0.23153471946716309,
        "89": -0.07506832480430603,
        "90": 0.010338257998228073,
        "91": 0.16413253545761108,
        "92": 0.04213336110115051,
        "93": 0.06549369543790817,
        "94": -0.007283095270395279,
        "95": 0.01907794177532196,
        "96": -0.04739515110850334,
        "97": 0.053039681166410446,
        "98": -0.06838077306747437,
        "99": 0.022756829857826233,
        "100": 0.044295020401477814,
        "101": 0.009316615760326385,
        "102": 0.007540196180343628,
        "103": 0.07475583255290985,
        "104": -0.1259351670742035,
        "105": 0.12344580143690109,
        "106": 0.04265124350786209,
        "107": 0.06058964133262634,
        "108": 0.07545065879821777,
        "109": 0.03557119891047478,
        "110": -0.1103215292096138,
        "111": -0.12292341887950897,
        "112": 0.08917105197906494,
        "113": -0.18757812678813934,
        "114": 0.17323322594165802,
        "115": 0.15713489055633545,
        "116": 0.008805286139249802,
        "117": 0.13843485713005066,
        "118": 0.09327191859483719,
        "119": 0.18110708892345428,
        "120": -0.08304125815629959,
        "121": 0.0008892938494682312,
        "122": -0.14261558651924133,
        "123": -0.025339573621749878,
        "124": 0.12397292256355286,
        "125": 0.0075803822837769985,
        "126": 0.06617967784404755,
        "127": -0.0021127481013536453
    }
}